Parent,Child
Random Processes,Confidence and Hypothesis
Random Processes,Estimation
Random Processes,Regression
Random Processes,Sample Statistics
Random Processes,Joint Distributions
Random Processes,Continuous Random Variables
Random Processes,Discrete Random Variables
Random Processes,Probability
Random Processes,Mathematical Background
Confidence and Hypothesis,Estimation
Confidence and Hypothesis,Regression
Confidence and Hypothesis,Sample Statistics
Confidence and Hypothesis,Joint Distributions
Confidence and Hypothesis,Continuous Random Variables
Confidence and Hypothesis,Discrete Random Variables
Confidence and Hypothesis,Probability
Confidence and Hypothesis,Mathematical Background
Estimation,Regression
Estimation,Sample Statistics
Estimation,Joint Distributions
Estimation,Continuous Random Variables
Estimation,Discrete Random Variables
Estimation,Probability
Estimation,Mathematical Background
Regression,Sample Statistics
Regression,Joint Distributions
Regression,Continuous Random Variables
Regression,Discrete Random Variables
Regression,Probability
Regression,Mathematical Background
Sample Statistics,Joint Distributions
Sample Statistics,Continuous Random Variables
Sample Statistics,Discrete Random Variables
Sample Statistics,Probability
Sample Statistics,Mathematical Background
Joint Distributions,Continuous Random Variables
Joint Distributions,Discrete Random Variables
Joint Distributions,Probability
Joint Distributions,Mathematical Background
Continuous Random Variables,Discrete Random Variables
Continuous Random Variables,Probability
Continuous Random Variables,Mathematical Background
Discrete Random Variables,Probability
Discrete Random Variables,Mathematical Background
Probability,Mathematical Background
